cn,ID
k__Bacteria..p__.Thermi...c__Deinococci..o__Deinococcales..f__Deinococcaceae..g__Deinococcus..s__,V1
k__Bacteria..p__.Thermi...c__Deinococci..o__Deinococcales..f__Trueperaceae..g__Truepera..s__,V2
k__Bacteria..p__Acidobacteria..c__.Chloracidobacteria...o__RB41..f__Ellin6075..g__..s__,V3
k__Bacteria..p__Acidobacteria..c__Acidobacteriia..o__Acidobacteriales..f__Acidobacteriaceae..g__..s__,V4
k__Bacteria..p__Actinobacteria..c__Actinobacteria..o__Actinomycetales,V5
k__Bacteria..p__Actinobacteria..c__Actinobacteria..o__Actinomycetales..f__..g__..s__,V6
k__Bacteria..p__Actinobacteria..c__Actinobacteria..o__Actinomycetales..f__Actinomycetaceae,V7
k__Bacteria..p__Actinobacteria..c__Actinobacteria..o__Actinomycetales..f__Actinomycetaceae..g__..s__,V8
k__Bacteria..p__Actinobacteria..c__Actinobacteria..o__Actinomycetales..f__Actinomycetaceae..g__Actinomyces..s__,V9
k__Bacteria..p__Actinobacteria..c__Actinobacteria..o__Actinomycetales..f__Actinomycetaceae..g__Actinomyces..s__europaeus,V10
k__Bacteria..p__Actinobacteria..c__Actinobacteria..o__Actinomycetales..f__Actinomycetaceae..g__Arcanobacterium..s__,V11
k__Bacteria..p__Actinobacteria..c__Actinobacteria..o__Actinomycetales..f__Actinomycetaceae..g__Mobiluncus..s__,V12
k__Bacteria..p__Actinobacteria..c__Actinobacteria..o__Actinomycetales..f__Actinomycetaceae..g__Varibaculum..s__,V13
k__Bacteria..p__Actinobacteria..c__Actinobacteria..o__Actinomycetales..f__Brevibacteriaceae..g__Brevibacterium..s__,V14
k__Bacteria..p__Actinobacteria..c__Actinobacteria..o__Actinomycetales..f__Brevibacteriaceae..g__Brevibacterium..s__aureum,V15
k__Bacteria..p__Actinobacteria..c__Actinobacteria..o__Actinomycetales..f__Cellulomonadaceae,V16
k__Bacteria..p__Actinobacteria..c__Actinobacteria..o__Actinomycetales..f__Cellulomonadaceae..g__Cellulomonas..s__,V17
k__Bacteria..p__Actinobacteria..c__Actinobacteria..o__Actinomycetales..f__Corynebacteriaceae..g__Corynebacterium,V18
k__Bacteria..p__Actinobacteria..c__Actinobacteria..o__Actinomycetales..f__Corynebacteriaceae..g__Corynebacterium..s__,V19
k__Bacteria..p__Actinobacteria..c__Actinobacteria..o__Actinomycetales..f__Corynebacteriaceae..g__Corynebacterium..s__durum,V20
k__Bacteria..p__Actinobacteria..c__Actinobacteria..o__Actinomycetales..f__Corynebacteriaceae..g__Corynebacterium..s__variabile,V21
k__Bacteria..p__Actinobacteria..c__Actinobacteria..o__Actinomycetales..f__Dermabacteraceae,V22
k__Bacteria..p__Actinobacteria..c__Actinobacteria..o__Actinomycetales..f__Dermabacteraceae..g__Brachybacterium..s__,V23
k__Bacteria..p__Actinobacteria..c__Actinobacteria..o__Actinomycetales..f__Dermabacteraceae..g__Brachybacterium..s__conglomeratum,V24
k__Bacteria..p__Actinobacteria..c__Actinobacteria..o__Actinomycetales..f__Dermabacteraceae..g__Dermabacter..s__,V25
k__Bacteria..p__Actinobacteria..c__Actinobacteria..o__Actinomycetales..f__Dermacoccaceae..g__Dermacoccus..s__,V26
k__Bacteria..p__Actinobacteria..c__Actinobacteria..o__Actinomycetales..f__Dietziaceae,V27
k__Bacteria..p__Actinobacteria..c__Actinobacteria..o__Actinomycetales..f__Dietziaceae..g__Dietzia,V28
k__Bacteria..p__Actinobacteria..c__Actinobacteria..o__Actinomycetales..f__Dietziaceae..g__Dietzia..s__,V29
k__Bacteria..p__Actinobacteria..c__Actinobacteria..o__Actinomycetales..f__Geodermatophilaceae,V30
k__Bacteria..p__Actinobacteria..c__Actinobacteria..o__Actinomycetales..f__Geodermatophilaceae..g__..s__,V31
k__Bacteria..p__Actinobacteria..c__Actinobacteria..o__Actinomycetales..f__Geodermatophilaceae..g__Geodermatophilus,V32
k__Bacteria..p__Actinobacteria..c__Actinobacteria..o__Actinomycetales..f__Geodermatophilaceae..g__Modestobacter..s__,V33
k__Bacteria..p__Actinobacteria..c__Actinobacteria..o__Actinomycetales..f__Gordoniaceae..g__Gordonia..s__,V34
k__Bacteria..p__Actinobacteria..c__Actinobacteria..o__Actinomycetales..f__Intrasporangiaceae,V35
k__Bacteria..p__Actinobacteria..c__Actinobacteria..o__Actinomycetales..f__Intrasporangiaceae..g__..s__,V36
k__Bacteria..p__Actinobacteria..c__Actinobacteria..o__Actinomycetales..f__Intrasporangiaceae..g__Phycicoccus..s__,V37
k__Bacteria..p__Actinobacteria..c__Actinobacteria..o__Actinomycetales..f__Microbacteriaceae,V38
k__Bacteria..p__Actinobacteria..c__Actinobacteria..o__Actinomycetales..f__Microbacteriaceae..g__..s__,V39
k__Bacteria..p__Actinobacteria..c__Actinobacteria..o__Actinomycetales..f__Microbacteriaceae..g__Agrococcus..s__jenensis,V40
k__Bacteria..p__Actinobacteria..c__Actinobacteria..o__Actinomycetales..f__Microbacteriaceae..g__Curtobacterium..s__,V41
k__Bacteria..p__Actinobacteria..c__Actinobacteria..o__Actinomycetales..f__Microbacteriaceae..g__Microbacterium..s__,V42
k__Bacteria..p__Actinobacteria..c__Actinobacteria..o__Actinomycetales..f__Microbacteriaceae..g__Pseudoclavibacter..s__bifida,V43
k__Bacteria..p__Actinobacteria..c__Actinobacteria..o__Actinomycetales..f__Microbacteriaceae..g__Salinibacterium..s__,V44
k__Bacteria..p__Actinobacteria..c__Actinobacteria..o__Actinomycetales..f__Micrococcaceae,V45
k__Bacteria..p__Actinobacteria..c__Actinobacteria..o__Actinomycetales..f__Micrococcaceae..g__..s__,V46
k__Bacteria..p__Actinobacteria..c__Actinobacteria..o__Actinomycetales..f__Micrococcaceae..g__Arthrobacter..s__,V47
k__Bacteria..p__Actinobacteria..c__Actinobacteria..o__Actinomycetales..f__Micrococcaceae..g__Arthrobacter..s__psychrolactophilus,V48
k__Bacteria..p__Actinobacteria..c__Actinobacteria..o__Actinomycetales..f__Micrococcaceae..g__Kocuria,V49
k__Bacteria..p__Actinobacteria..c__Actinobacteria..o__Actinomycetales..f__Micrococcaceae..g__Kocuria..s__palustris,V50
k__Bacteria..p__Actinobacteria..c__Actinobacteria..o__Actinomycetales..f__Micrococcaceae..g__Kocuria..s__rhizophila,V51
k__Bacteria..p__Actinobacteria..c__Actinobacteria..o__Actinomycetales..f__Micrococcaceae..g__Micrococcus,V52
k__Bacteria..p__Actinobacteria..c__Actinobacteria..o__Actinomycetales..f__Micrococcaceae..g__Micrococcus..s__,V53
k__Bacteria..p__Actinobacteria..c__Actinobacteria..o__Actinomycetales..f__Micrococcaceae..g__Nesterenkonia..s__,V54
k__Bacteria..p__Actinobacteria..c__Actinobacteria..o__Actinomycetales..f__Micrococcaceae..g__Rothia,V55
k__Bacteria..p__Actinobacteria..c__Actinobacteria..o__Actinomycetales..f__Micrococcaceae..g__Rothia..s__aeria,V56
k__Bacteria..p__Actinobacteria..c__Actinobacteria..o__Actinomycetales..f__Micrococcaceae..g__Rothia..s__dentocariosa,V57
k__Bacteria..p__Actinobacteria..c__Actinobacteria..o__Actinomycetales..f__Micrococcaceae..g__Rothia..s__mucilaginosa,V58
k__Bacteria..p__Actinobacteria..c__Actinobacteria..o__Actinomycetales..f__Mycobacteriaceae..g__Mycobacterium..s__,V59
k__Bacteria..p__Actinobacteria..c__Actinobacteria..o__Actinomycetales..f__Nocardiaceae..g__Rhodococcus..s__,V60
k__Bacteria..p__Actinobacteria..c__Actinobacteria..o__Actinomycetales..f__Nocardiaceae..g__Rhodococcus..s__fascians,V61
k__Bacteria..p__Actinobacteria..c__Actinobacteria..o__Actinomycetales..f__Nocardioidaceae..g__..s__,V62
k__Bacteria..p__Actinobacteria..c__Actinobacteria..o__Actinomycetales..f__Nocardioidaceae..g__Aeromicrobium..s__,V63
k__Bacteria..p__Actinobacteria..c__Actinobacteria..o__Actinomycetales..f__Nocardioidaceae..g__Friedmanniella..s__,V64
k__Bacteria..p__Actinobacteria..c__Actinobacteria..o__Actinomycetales..f__Propionibacteriaceae..g__..s__,V65
k__Bacteria..p__Actinobacteria..c__Actinobacteria..o__Actinomycetales..f__Propionibacteriaceae..g__Microlunatus..s__,V66
k__Bacteria..p__Actinobacteria..c__Actinobacteria..o__Actinomycetales..f__Propionibacteriaceae..g__Propionibacterium,V67
k__Bacteria..p__Actinobacteria..c__Actinobacteria..o__Actinomycetales..f__Propionibacteriaceae..g__Propionibacterium..s__,V68
k__Bacteria..p__Actinobacteria..c__Actinobacteria..o__Actinomycetales..f__Propionibacteriaceae..g__Propionibacterium..s__acnes,V69
k__Bacteria..p__Actinobacteria..c__Actinobacteria..o__Actinomycetales..f__Propionibacteriaceae..g__Propionibacterium..s__granulosum,V70
k__Bacteria..p__Actinobacteria..c__Actinobacteria..o__Actinomycetales..f__Pseudonocardiaceae..g__Actinomycetospora..s__,V71
k__Bacteria..p__Actinobacteria..c__Actinobacteria..o__Actinomycetales..f__Pseudonocardiaceae..g__Amycolatopsis..s__,V72
k__Bacteria..p__Actinobacteria..c__Actinobacteria..o__Actinomycetales..f__Pseudonocardiaceae..g__Pseudonocardia..s__,V73
k__Bacteria..p__Actinobacteria..c__Actinobacteria..o__Actinomycetales..f__Sporichthyaceae..g__..s__,V74
k__Bacteria..p__Actinobacteria..c__Actinobacteria..o__Actinomycetales..f__Streptomycetaceae,V75
k__Bacteria..p__Actinobacteria..c__Actinobacteria..o__Actinomycetales..f__Streptomycetaceae..g__..s__,V76
k__Bacteria..p__Actinobacteria..c__Actinobacteria..o__Actinomycetales..f__Yaniellaceae..g__Yaniella..s__,V77
k__Bacteria..p__Actinobacteria..c__Actinobacteria..o__Bifidobacteriales..f__Bifidobacteriaceae,V78
k__Bacteria..p__Actinobacteria..c__Actinobacteria..o__Bifidobacteriales..f__Bifidobacteriaceae..g__..s__,V79
k__Bacteria..p__Actinobacteria..c__Actinobacteria..o__Bifidobacteriales..f__Bifidobacteriaceae..g__Bifidobacterium,V80
k__Bacteria..p__Actinobacteria..c__Actinobacteria..o__Bifidobacteriales..f__Bifidobacteriaceae..g__Bifidobacterium..s__,V81
k__Bacteria..p__Actinobacteria..c__Actinobacteria..o__Bifidobacteriales..f__Bifidobacteriaceae..g__Bifidobacterium..s__longum,V82
k__Bacteria..p__Actinobacteria..c__Actinobacteria..o__Bifidobacteriales..f__Bifidobacteriaceae..g__Bifidobacterium..s__pseudolongum,V83
k__Bacteria..p__Actinobacteria..c__Coriobacteriia..o__Coriobacteriales..f__Coriobacteriaceae..g__..s__,V84
k__Bacteria..p__Actinobacteria..c__Coriobacteriia..o__Coriobacteriales..f__Coriobacteriaceae..g__Atopobium,V85
k__Bacteria..p__Actinobacteria..c__Coriobacteriia..o__Coriobacteriales..f__Coriobacteriaceae..g__Atopobium..s__,V86
k__Bacteria..p__Actinobacteria..c__Thermoleophilia..o__Solirubrobacterales..f__Solirubrobacteraceae..g__..s__,V87
k__Bacteria..p__Actinobacteria..c__Thermoleophilia..o__Solirubrobacterales..f__Solirubrobacteraceae..g__Solirubrobacter..s__,V88
k__Bacteria..p__Bacteroidetes..c__.Saprospirae...o__.Saprospirales...f__Chitinophagaceae..g__Flavisolibacter..s__,V89
k__Bacteria..p__Bacteroidetes..c__Bacteroidia..o__Bacteroidales..f__.Paraprevotellaceae...g__.Prevotella...s__,V90
k__Bacteria..p__Bacteroidetes..c__Bacteroidia..o__Bacteroidales..f__.Paraprevotellaceae...g__.Prevotella...s__tannerae,V91
k__Bacteria..p__Bacteroidetes..c__Bacteroidia..o__Bacteroidales..f__Bacteroidaceae..g__Bacteroides..s__,V92
k__Bacteria..p__Bacteroidetes..c__Bacteroidia..o__Bacteroidales..f__Porphyromonadaceae..g__Paludibacter..s__,V93
k__Bacteria..p__Bacteroidetes..c__Bacteroidia..o__Bacteroidales..f__Porphyromonadaceae..g__Porphyromonas..s__,V94
k__Bacteria..p__Bacteroidetes..c__Bacteroidia..o__Bacteroidales..f__Porphyromonadaceae..g__Porphyromonas..s__endodontalis,V95
k__Bacteria..p__Bacteroidetes..c__Bacteroidia..o__Bacteroidales..f__Porphyromonadaceae..g__Tannerella..s__,V96
k__Bacteria..p__Bacteroidetes..c__Bacteroidia..o__Bacteroidales..f__Prevotellaceae..g__Prevotella,V97
k__Bacteria..p__Bacteroidetes..c__Bacteroidia..o__Bacteroidales..f__Prevotellaceae..g__Prevotella..s__,V98
k__Bacteria..p__Bacteroidetes..c__Bacteroidia..o__Bacteroidales..f__Prevotellaceae..g__Prevotella..s__copri,V99
k__Bacteria..p__Bacteroidetes..c__Bacteroidia..o__Bacteroidales..f__Prevotellaceae..g__Prevotella..s__intermedia,V100
k__Bacteria..p__Bacteroidetes..c__Bacteroidia..o__Bacteroidales..f__Prevotellaceae..g__Prevotella..s__melaninogenica,V101
k__Bacteria..p__Bacteroidetes..c__Bacteroidia..o__Bacteroidales..f__Prevotellaceae..g__Prevotella..s__nanceiensis,V102
k__Bacteria..p__Bacteroidetes..c__Bacteroidia..o__Bacteroidales..f__Prevotellaceae..g__Prevotella..s__nigrescens,V103
k__Bacteria..p__Bacteroidetes..c__Cytophagia..o__Cytophagales..f__Cytophagaceae..g__Hymenobacter..s__,V104
k__Bacteria..p__Bacteroidetes..c__Flavobacteriia..o__Flavobacteriales..f__.Weeksellaceae...g__..s__,V105
k__Bacteria..p__Bacteroidetes..c__Flavobacteriia..o__Flavobacteriales..f__.Weeksellaceae...g__Chryseobacterium..s__,V106
k__Bacteria..p__Bacteroidetes..c__Flavobacteriia..o__Flavobacteriales..f__.Weeksellaceae...g__Cloacibacterium..s__,V107
k__Bacteria..p__Bacteroidetes..c__Flavobacteriia..o__Flavobacteriales..f__.Weeksellaceae...g__Wautersiella..s__,V108
k__Bacteria..p__Bacteroidetes..c__Flavobacteriia..o__Flavobacteriales..f__Flavobacteriaceae..g__Capnocytophaga..s__,V109
k__Bacteria..p__Bacteroidetes..c__Flavobacteriia..o__Flavobacteriales..f__Flavobacteriaceae..g__Capnocytophaga..s__ochracea,V110
k__Bacteria..p__Bacteroidetes..c__Sphingobacteriia..o__Sphingobacteriales..f__Sphingobacteriaceae..g__Sphingobacterium..s__faecium,V111
k__Bacteria..p__Bacteroidetes..c__Sphingobacteriia..o__Sphingobacteriales..f__Sphingobacteriaceae..g__Sphingobacterium..s__multivorum,V112
k__Bacteria..p__Chloroflexi..c__Ellin6529..o__..f__..g__..s__,V113
k__Bacteria..p__Firmicutes..c__Bacilli,V114
k__Bacteria..p__Firmicutes..c__Bacilli..o__Bacillales,V115
k__Bacteria..p__Firmicutes..c__Bacilli..o__Bacillales..f__.Exiguobacteraceae...g__..s__,V116
k__Bacteria..p__Firmicutes..c__Bacilli..o__Bacillales..f__.Exiguobacteraceae...g__Exiguobacterium..s__,V117
k__Bacteria..p__Firmicutes..c__Bacilli..o__Bacillales..f__Bacillaceae,V118
k__Bacteria..p__Firmicutes..c__Bacilli..o__Bacillales..f__Bacillaceae..g__..s__,V119
k__Bacteria..p__Firmicutes..c__Bacilli..o__Bacillales..f__Bacillaceae..g__Anoxybacillus..s__kestanbolensis,V120
k__Bacteria..p__Firmicutes..c__Bacilli..o__Bacillales..f__Bacillaceae..g__Bacillus,V121
k__Bacteria..p__Firmicutes..c__Bacilli..o__Bacillales..f__Bacillaceae..g__Bacillus..s__,V122
k__Bacteria..p__Firmicutes..c__Bacilli..o__Bacillales..f__Bacillaceae..g__Bacillus..s__flexus,V123
k__Bacteria..p__Firmicutes..c__Bacilli..o__Bacillales..f__Bacillaceae..g__Bacillus..s__ginsengihumi,V124
k__Bacteria..p__Firmicutes..c__Bacilli..o__Bacillales..f__Bacillaceae..g__Geobacillus..s__,V125
k__Bacteria..p__Firmicutes..c__Bacilli..o__Bacillales..f__Listeriaceae..g__Brochothrix,V126
k__Bacteria..p__Firmicutes..c__Bacilli..o__Bacillales..f__Planococcaceae..g__..s__,V127
k__Bacteria..p__Firmicutes..c__Bacilli..o__Bacillales..f__Planococcaceae..g__Lysinibacillus..s__boronitolerans,V128
k__Bacteria..p__Firmicutes..c__Bacilli..o__Bacillales..f__Planococcaceae..g__Planomicrobium..s__,V129
k__Bacteria..p__Firmicutes..c__Bacilli..o__Bacillales..f__Staphylococcaceae,V130
k__Bacteria..p__Firmicutes..c__Bacilli..o__Bacillales..f__Staphylococcaceae..g__Jeotgalicoccus..s__,V131
k__Bacteria..p__Firmicutes..c__Bacilli..o__Bacillales..f__Staphylococcaceae..g__Jeotgalicoccus..s__psychrophilus,V132
k__Bacteria..p__Firmicutes..c__Bacilli..o__Bacillales..f__Staphylococcaceae..g__Macrococcus,V133
k__Bacteria..p__Firmicutes..c__Bacilli..o__Bacillales..f__Staphylococcaceae..g__Salinicoccus..s__,V134
k__Bacteria..p__Firmicutes..c__Bacilli..o__Bacillales..f__Staphylococcaceae..g__Staphylococcus,V135
k__Bacteria..p__Firmicutes..c__Bacilli..o__Bacillales..f__Staphylococcaceae..g__Staphylococcus..s__,V136
k__Bacteria..p__Firmicutes..c__Bacilli..o__Bacillales..f__Staphylococcaceae..g__Staphylococcus..s__aureus,V137
k__Bacteria..p__Firmicutes..c__Bacilli..o__Bacillales..f__Staphylococcaceae..g__Staphylococcus..s__epidermidis,V138
k__Bacteria..p__Firmicutes..c__Bacilli..o__Bacillales..f__Staphylococcaceae..g__Staphylococcus..s__sciuri,V139
k__Bacteria..p__Firmicutes..c__Bacilli..o__Gemellales..f__..g__..s__,V140
k__Bacteria..p__Firmicutes..c__Bacilli..o__Gemellales..f__Gemellaceae,V141
k__Bacteria..p__Firmicutes..c__Bacilli..o__Gemellales..f__Gemellaceae..g__..s__,V142
k__Bacteria..p__Firmicutes..c__Bacilli..o__Gemellales..f__Gemellaceae..g__Gemella..s__,V143
k__Bacteria..p__Firmicutes..c__Bacilli..o__Lactobacillales,V144
k__Bacteria..p__Firmicutes..c__Bacilli..o__Lactobacillales..f__..g__..s__,V145
k__Bacteria..p__Firmicutes..c__Bacilli..o__Lactobacillales..f__Aerococcaceae,V146
k__Bacteria..p__Firmicutes..c__Bacilli..o__Lactobacillales..f__Aerococcaceae..g__..s__,V147
k__Bacteria..p__Firmicutes..c__Bacilli..o__Lactobacillales..f__Aerococcaceae..g__Abiotrophia..s__,V148
k__Bacteria..p__Firmicutes..c__Bacilli..o__Lactobacillales..f__Aerococcaceae..g__Aerococcus..s__,V149
k__Bacteria..p__Firmicutes..c__Bacilli..o__Lactobacillales..f__Aerococcaceae..g__Alloiococcus..s__,V150
k__Bacteria..p__Firmicutes..c__Bacilli..o__Lactobacillales..f__Aerococcaceae..g__Alloiococcus..s__otitis,V151
k__Bacteria..p__Firmicutes..c__Bacilli..o__Lactobacillales..f__Aerococcaceae..g__Facklamia..s__,V152
k__Bacteria..p__Firmicutes..c__Bacilli..o__Lactobacillales..f__Aerococcaceae..g__Marinilactibacillus..s__psychrotolerans,V153
k__Bacteria..p__Firmicutes..c__Bacilli..o__Lactobacillales..f__Carnobacteriaceae..g__Carnobacterium,V154
k__Bacteria..p__Firmicutes..c__Bacilli..o__Lactobacillales..f__Carnobacteriaceae..g__Carnobacterium..s__,V155
k__Bacteria..p__Firmicutes..c__Bacilli..o__Lactobacillales..f__Carnobacteriaceae..g__Desemzia..s__,V156
k__Bacteria..p__Firmicutes..c__Bacilli..o__Lactobacillales..f__Carnobacteriaceae..g__Granulicatella..s__,V157
k__Bacteria..p__Firmicutes..c__Bacilli..o__Lactobacillales..f__Enterococcaceae..g__Enterococcus..s__,V158
k__Bacteria..p__Firmicutes..c__Bacilli..o__Lactobacillales..f__Enterococcaceae..g__Vagococcus..s__,V159
k__Bacteria..p__Firmicutes..c__Bacilli..o__Lactobacillales..f__Lactobacillaceae..g__Lactobacillus,V160
k__Bacteria..p__Firmicutes..c__Bacilli..o__Lactobacillales..f__Lactobacillaceae..g__Lactobacillus..s__,V161
k__Bacteria..p__Firmicutes..c__Bacilli..o__Lactobacillales..f__Lactobacillaceae..g__Lactobacillus..s__iners,V162
k__Bacteria..p__Firmicutes..c__Bacilli..o__Lactobacillales..f__Lactobacillaceae..g__Lactobacillus..s__reuteri,V163
k__Bacteria..p__Firmicutes..c__Bacilli..o__Lactobacillales..f__Leuconostocaceae..g__..s__,V164
k__Bacteria..p__Firmicutes..c__Bacilli..o__Lactobacillales..f__Leuconostocaceae..g__Weissella,V165
k__Bacteria..p__Firmicutes..c__Bacilli..o__Lactobacillales..f__Streptococcaceae,V166
k__Bacteria..p__Firmicutes..c__Bacilli..o__Lactobacillales..f__Streptococcaceae..g__Lactococcus..s__,V167
k__Bacteria..p__Firmicutes..c__Bacilli..o__Lactobacillales..f__Streptococcaceae..g__Streptococcus..s__,V168
k__Bacteria..p__Firmicutes..c__Bacilli..o__Lactobacillales..f__Streptococcaceae..g__Streptococcus..s__anginosus,V169
k__Bacteria..p__Firmicutes..c__Clostridia..o__..f__..g__..s__,V170
k__Bacteria..p__Firmicutes..c__Clostridia..o__Clostridiales..f__..g__..s__,V171
k__Bacteria..p__Firmicutes..c__Clostridia..o__Clostridiales..f__.Mogibacteriaceae...g__..s__,V172
k__Bacteria..p__Firmicutes..c__Clostridia..o__Clostridiales..f__.Mogibacteriaceae...g__Mogibacterium..s__,V173
k__Bacteria..p__Firmicutes..c__Clostridia..o__Clostridiales..f__.Tissierellaceae...g__1.68..s__,V174
k__Bacteria..p__Firmicutes..c__Clostridia..o__Clostridiales..f__.Tissierellaceae...g__Anaerococcus..s__,V175
k__Bacteria..p__Firmicutes..c__Clostridia..o__Clostridiales..f__.Tissierellaceae...g__Finegoldia..s__,V176
k__Bacteria..p__Firmicutes..c__Clostridia..o__Clostridiales..f__.Tissierellaceae...g__Gallicola..s__,V177
k__Bacteria..p__Firmicutes..c__Clostridia..o__Clostridiales..f__.Tissierellaceae...g__GW.34..s__,V178
k__Bacteria..p__Firmicutes..c__Clostridia..o__Clostridiales..f__.Tissierellaceae...g__Parvimonas..s__,V179
k__Bacteria..p__Firmicutes..c__Clostridia..o__Clostridiales..f__.Tissierellaceae...g__Peptoniphilus..s__,V180
k__Bacteria..p__Firmicutes..c__Clostridia..o__Clostridiales..f__.Tissierellaceae...g__ph2..s__,V181
k__Bacteria..p__Firmicutes..c__Clostridia..o__Clostridiales..f__.Tissierellaceae...g__WAL_1855D..s__,V182
k__Bacteria..p__Firmicutes..c__Clostridia..o__Clostridiales..f__Clostridiaceae,V183
k__Bacteria..p__Firmicutes..c__Clostridia..o__Clostridiales..f__Clostridiaceae..g__Clostridium..s__,V184
k__Bacteria..p__Firmicutes..c__Clostridia..o__Clostridiales..f__Lachnospiraceae,V185
k__Bacteria..p__Firmicutes..c__Clostridia..o__Clostridiales..f__Lachnospiraceae..g__..s__,V186
k__Bacteria..p__Firmicutes..c__Clostridia..o__Clostridiales..f__Lachnospiraceae..g__.Ruminococcus...s__,V187
k__Bacteria..p__Firmicutes..c__Clostridia..o__Clostridiales..f__Lachnospiraceae..g__.Ruminococcus...s__gnavus,V188
k__Bacteria..p__Firmicutes..c__Clostridia..o__Clostridiales..f__Lachnospiraceae..g__Blautia,V189
k__Bacteria..p__Firmicutes..c__Clostridia..o__Clostridiales..f__Lachnospiraceae..g__Blautia..s__,V190
k__Bacteria..p__Firmicutes..c__Clostridia..o__Clostridiales..f__Lachnospiraceae..g__Blautia..s__producta,V191
k__Bacteria..p__Firmicutes..c__Clostridia..o__Clostridiales..f__Lachnospiraceae..g__Catonella..s__,V192
k__Bacteria..p__Firmicutes..c__Clostridia..o__Clostridiales..f__Lachnospiraceae..g__Moryella..s__,V193
k__Bacteria..p__Firmicutes..c__Clostridia..o__Clostridiales..f__Lachnospiraceae..g__Oribacterium..s__,V194
k__Bacteria..p__Firmicutes..c__Clostridia..o__Clostridiales..f__Lachnospiraceae..g__Shuttleworthia..s__,V195
k__Bacteria..p__Firmicutes..c__Clostridia..o__Clostridiales..f__Peptococcaceae..g__Peptococcus..s__,V196
k__Bacteria..p__Firmicutes..c__Clostridia..o__Clostridiales..f__Peptostreptococcaceae..g__..s__,V197
k__Bacteria..p__Firmicutes..c__Clostridia..o__Clostridiales..f__Peptostreptococcaceae..g__Filifactor..s__,V198
k__Bacteria..p__Firmicutes..c__Clostridia..o__Clostridiales..f__Peptostreptococcaceae..g__Peptostreptococcus..s__,V199
k__Bacteria..p__Firmicutes..c__Clostridia..o__Clostridiales..f__Peptostreptococcaceae..g__Peptostreptococcus..s__anaerobius,V200
k__Bacteria..p__Firmicutes..c__Clostridia..o__Clostridiales..f__Ruminococcaceae..g__..s__,V201
k__Bacteria..p__Firmicutes..c__Clostridia..o__Clostridiales..f__Ruminococcaceae..g__Faecalibacterium..s__prausnitzii,V202
k__Bacteria..p__Firmicutes..c__Clostridia..o__Clostridiales..f__Ruminococcaceae..g__Ruminococcus..s__,V203
k__Bacteria..p__Firmicutes..c__Clostridia..o__Clostridiales..f__Veillonellaceae,V204
k__Bacteria..p__Firmicutes..c__Clostridia..o__Clostridiales..f__Veillonellaceae..g__Dialister..s__,V205
k__Bacteria..p__Firmicutes..c__Clostridia..o__Clostridiales..f__Veillonellaceae..g__Megasphaera..s__,V206
k__Bacteria..p__Firmicutes..c__Clostridia..o__Clostridiales..f__Veillonellaceae..g__Selenomonas..s__,V207
k__Bacteria..p__Firmicutes..c__Clostridia..o__Clostridiales..f__Veillonellaceae..g__Selenomonas..s__noxia,V208
k__Bacteria..p__Firmicutes..c__Clostridia..o__Clostridiales..f__Veillonellaceae..g__Veillonella,V209
k__Bacteria..p__Firmicutes..c__Clostridia..o__Clostridiales..f__Veillonellaceae..g__Veillonella..s__,V210
k__Bacteria..p__Firmicutes..c__Clostridia..o__Clostridiales..f__Veillonellaceae..g__Veillonella..s__dispar,V211
k__Bacteria..p__Firmicutes..c__Clostridia..o__Clostridiales..f__Veillonellaceae..g__Veillonella..s__parvula,V212
k__Bacteria..p__Firmicutes..c__Erysipelotrichi..o__Erysipelotrichales..f__Erysipelotrichaceae..g__Bulleidia..s__,V213
k__Bacteria..p__Firmicutes..c__Erysipelotrichi..o__Erysipelotrichales..f__Erysipelotrichaceae..g__Bulleidia..s__moorei,V214
k__Bacteria..p__Fusobacteria..c__Fusobacteriia..o__Fusobacteriales..f__Fusobacteriaceae..g__Fusobacterium..s__,V215
k__Bacteria..p__Fusobacteria..c__Fusobacteriia..o__Fusobacteriales..f__Leptotrichiaceae..g__..s__,V216
k__Bacteria..p__Fusobacteria..c__Fusobacteriia..o__Fusobacteriales..f__Leptotrichiaceae..g__Leptotrichia..s__,V217
k__Bacteria..p__Fusobacteria..c__Fusobacteriia..o__Fusobacteriales..f__Leptotrichiaceae..g__Sneathia..s__,V218
k__Bacteria..p__Proteobacteria..c__Alphaproteobacteria..o__Caulobacterales..f__Caulobacteraceae,V219
k__Bacteria..p__Proteobacteria..c__Alphaproteobacteria..o__Caulobacterales..f__Caulobacteraceae..g__..s__,V220
k__Bacteria..p__Proteobacteria..c__Alphaproteobacteria..o__Caulobacterales..f__Caulobacteraceae..g__Brevundimonas..s__diminuta,V221
k__Bacteria..p__Proteobacteria..c__Alphaproteobacteria..o__Caulobacterales..f__Caulobacteraceae..g__Phenylobacterium..s__,V222
k__Bacteria..p__Proteobacteria..c__Alphaproteobacteria..o__Rhizobiales..f__..g__..s__,V223
k__Bacteria..p__Proteobacteria..c__Alphaproteobacteria..o__Rhizobiales..f__Aurantimonadaceae..g__..s__,V224
k__Bacteria..p__Proteobacteria..c__Alphaproteobacteria..o__Rhizobiales..f__Bartonellaceae..g__..s__,V225
k__Bacteria..p__Proteobacteria..c__Alphaproteobacteria..o__Rhizobiales..f__Bradyrhizobiaceae,V226
k__Bacteria..p__Proteobacteria..c__Alphaproteobacteria..o__Rhizobiales..f__Bradyrhizobiaceae..g__..s__,V227
k__Bacteria..p__Proteobacteria..c__Alphaproteobacteria..o__Rhizobiales..f__Bradyrhizobiaceae..g__Balneimonas..s__,V228
k__Bacteria..p__Proteobacteria..c__Alphaproteobacteria..o__Rhizobiales..f__Brucellaceae..g__..s__,V229
k__Bacteria..p__Proteobacteria..c__Alphaproteobacteria..o__Rhizobiales..f__Brucellaceae..g__Ochrobactrum..s__,V230
k__Bacteria..p__Proteobacteria..c__Alphaproteobacteria..o__Rhizobiales..f__Hyphomicrobiaceae..g__Rhodoplanes..s__,V231
k__Bacteria..p__Proteobacteria..c__Alphaproteobacteria..o__Rhizobiales..f__Methylobacteriaceae..g__..s__,V232
k__Bacteria..p__Proteobacteria..c__Alphaproteobacteria..o__Rhizobiales..f__Methylobacteriaceae..g__Methylobacterium,V233
k__Bacteria..p__Proteobacteria..c__Alphaproteobacteria..o__Rhizobiales..f__Methylobacteriaceae..g__Methylobacterium..s__,V234
k__Bacteria..p__Proteobacteria..c__Alphaproteobacteria..o__Rhizobiales..f__Methylobacteriaceae..g__Methylobacterium..s__komagatae,V235
k__Bacteria..p__Proteobacteria..c__Alphaproteobacteria..o__Rhizobiales..f__Methylobacteriaceae..g__Methylobacterium..s__organophilum,V236
k__Bacteria..p__Proteobacteria..c__Alphaproteobacteria..o__Rhizobiales..f__Methylocystaceae..g__..s__,V237
k__Bacteria..p__Proteobacteria..c__Alphaproteobacteria..o__Rhizobiales..f__Rhizobiaceae,V238
k__Bacteria..p__Proteobacteria..c__Alphaproteobacteria..o__Rhizobiales..f__Rhizobiaceae..g__..s__,V239
k__Bacteria..p__Proteobacteria..c__Alphaproteobacteria..o__Rhizobiales..f__Rhizobiaceae..g__Agrobacterium..s__,V240
k__Bacteria..p__Proteobacteria..c__Alphaproteobacteria..o__Rhodobacterales..f__Rhodobacteraceae,V241
k__Bacteria..p__Proteobacteria..c__Alphaproteobacteria..o__Rhodobacterales..f__Rhodobacteraceae..g__Amaricoccus..s__,V242
k__Bacteria..p__Proteobacteria..c__Alphaproteobacteria..o__Rhodobacterales..f__Rhodobacteraceae..g__Paracoccus,V243
k__Bacteria..p__Proteobacteria..c__Alphaproteobacteria..o__Rhodobacterales..f__Rhodobacteraceae..g__Paracoccus..s__,V244
k__Bacteria..p__Proteobacteria..c__Alphaproteobacteria..o__Rhodobacterales..f__Rhodobacteraceae..g__Paracoccus..s__aminovorans,V245
k__Bacteria..p__Proteobacteria..c__Alphaproteobacteria..o__Rhodobacterales..f__Rhodobacteraceae..g__Paracoccus..s__marcusii,V246
k__Bacteria..p__Proteobacteria..c__Alphaproteobacteria..o__Rhodospirillales..f__Acetobacteraceae..g__..s__,V247
k__Bacteria..p__Proteobacteria..c__Alphaproteobacteria..o__Rhodospirillales..f__Acetobacteraceae..g__Roseomonas..s__mucosa,V248
k__Bacteria..p__Proteobacteria..c__Alphaproteobacteria..o__Rhodospirillales..f__Rhodospirillaceae..g__Skermanella..s__,V249
k__Bacteria..p__Proteobacteria..c__Alphaproteobacteria..o__Sphingomonadales..f__Erythrobacteraceae..g__..s__,V250
k__Bacteria..p__Proteobacteria..c__Alphaproteobacteria..o__Sphingomonadales..f__Sphingomonadaceae..g__..s__,V251
k__Bacteria..p__Proteobacteria..c__Alphaproteobacteria..o__Sphingomonadales..f__Sphingomonadaceae..g__Kaistobacter..s__,V252
k__Bacteria..p__Proteobacteria..c__Alphaproteobacteria..o__Sphingomonadales..f__Sphingomonadaceae..g__Novosphingobium..s__,V253
k__Bacteria..p__Proteobacteria..c__Alphaproteobacteria..o__Sphingomonadales..f__Sphingomonadaceae..g__Sphingobium..s__,V254
k__Bacteria..p__Proteobacteria..c__Alphaproteobacteria..o__Sphingomonadales..f__Sphingomonadaceae..g__Sphingomonas,V255
k__Bacteria..p__Proteobacteria..c__Alphaproteobacteria..o__Sphingomonadales..f__Sphingomonadaceae..g__Sphingomonas..s__,V256
k__Bacteria..p__Proteobacteria..c__Alphaproteobacteria..o__Sphingomonadales..f__Sphingomonadaceae..g__Sphingomonas..s__wittichii,V257
k__Bacteria..p__Proteobacteria..c__Betaproteobacteria..o__Burkholderiales..f__Alcaligenaceae..g__..s__,V258
k__Bacteria..p__Proteobacteria..c__Betaproteobacteria..o__Burkholderiales..f__Alcaligenaceae..g__Achromobacter..s__,V259
k__Bacteria..p__Proteobacteria..c__Betaproteobacteria..o__Burkholderiales..f__Alcaligenaceae..g__Sutterella..s__,V260
k__Bacteria..p__Proteobacteria..c__Betaproteobacteria..o__Burkholderiales..f__Burkholderiaceae..g__Burkholderia..s__,V261
k__Bacteria..p__Proteobacteria..c__Betaproteobacteria..o__Burkholderiales..f__Burkholderiaceae..g__Lautropia..s__,V262
k__Bacteria..p__Proteobacteria..c__Betaproteobacteria..o__Burkholderiales..f__Comamonadaceae,V263
k__Bacteria..p__Proteobacteria..c__Betaproteobacteria..o__Burkholderiales..f__Comamonadaceae..g__..s__,V264
k__Bacteria..p__Proteobacteria..c__Betaproteobacteria..o__Burkholderiales..f__Comamonadaceae..g__Delftia..s__,V265
k__Bacteria..p__Proteobacteria..c__Betaproteobacteria..o__Burkholderiales..f__Comamonadaceae..g__Tepidimonas..s__,V266
k__Bacteria..p__Proteobacteria..c__Betaproteobacteria..o__Burkholderiales..f__Oxalobacteraceae,V267
k__Bacteria..p__Proteobacteria..c__Betaproteobacteria..o__Burkholderiales..f__Oxalobacteraceae..g__..s__,V268
k__Bacteria..p__Proteobacteria..c__Betaproteobacteria..o__Burkholderiales..f__Oxalobacteraceae..g__Janthinobacterium..s__,V269
k__Bacteria..p__Proteobacteria..c__Betaproteobacteria..o__Neisseriales..f__Neisseriaceae,V270
k__Bacteria..p__Proteobacteria..c__Betaproteobacteria..o__Neisseriales..f__Neisseriaceae..g__..s__,V271
k__Bacteria..p__Proteobacteria..c__Betaproteobacteria..o__Neisseriales..f__Neisseriaceae..g__Conchiformibius..s__,V272
k__Bacteria..p__Proteobacteria..c__Betaproteobacteria..o__Neisseriales..f__Neisseriaceae..g__Eikenella..s__,V273
k__Bacteria..p__Proteobacteria..c__Betaproteobacteria..o__Neisseriales..f__Neisseriaceae..g__Kingella..s__,V274
k__Bacteria..p__Proteobacteria..c__Betaproteobacteria..o__Neisseriales..f__Neisseriaceae..g__Neisseria,V275
k__Bacteria..p__Proteobacteria..c__Betaproteobacteria..o__Neisseriales..f__Neisseriaceae..g__Neisseria..s__,V276
k__Bacteria..p__Proteobacteria..c__Betaproteobacteria..o__Neisseriales..f__Neisseriaceae..g__Neisseria..s__subflava,V277
k__Bacteria..p__Proteobacteria..c__Epsilonproteobacteria..o__Campylobacterales..f__Campylobacteraceae..g__Campylobacter,V278
k__Bacteria..p__Proteobacteria..c__Epsilonproteobacteria..o__Campylobacterales..f__Campylobacteraceae..g__Campylobacter..s__,V279
k__Bacteria..p__Proteobacteria..c__Epsilonproteobacteria..o__Campylobacterales..f__Campylobacteraceae..g__Campylobacter..s__ureolyticus,V280
k__Bacteria..p__Proteobacteria..c__Gammaproteobacteria,V281
k__Bacteria..p__Proteobacteria..c__Gammaproteobacteria..o__Aeromonadales..f__Aeromonadaceae..g__..s__,V282
k__Bacteria..p__Proteobacteria..c__Gammaproteobacteria..o__Cardiobacteriales..f__Cardiobacteriaceae..g__Cardiobacterium..s__,V283
k__Bacteria..p__Proteobacteria..c__Gammaproteobacteria..o__Enterobacteriales..f__Enterobacteriaceae,V284
k__Bacteria..p__Proteobacteria..c__Gammaproteobacteria..o__Enterobacteriales..f__Enterobacteriaceae..g__..s__,V285
k__Bacteria..p__Proteobacteria..c__Gammaproteobacteria..o__Enterobacteriales..f__Enterobacteriaceae..g__Erwinia,V286
k__Bacteria..p__Proteobacteria..c__Gammaproteobacteria..o__Enterobacteriales..f__Enterobacteriaceae..g__Erwinia..s__,V287
k__Bacteria..p__Proteobacteria..c__Gammaproteobacteria..o__Oceanospirillales..f__Halomonadaceae..g__Halomonas..s__,V288
k__Bacteria..p__Proteobacteria..c__Gammaproteobacteria..o__Pasteurellales..f__Pasteurellaceae,V289
k__Bacteria..p__Proteobacteria..c__Gammaproteobacteria..o__Pasteurellales..f__Pasteurellaceae..g__..s__,V290
k__Bacteria..p__Proteobacteria..c__Gammaproteobacteria..o__Pasteurellales..f__Pasteurellaceae..g__Actinobacillus,V291
k__Bacteria..p__Proteobacteria..c__Gammaproteobacteria..o__Pasteurellales..f__Pasteurellaceae..g__Actinobacillus..s__,V292
k__Bacteria..p__Proteobacteria..c__Gammaproteobacteria..o__Pasteurellales..f__Pasteurellaceae..g__Actinobacillus..s__parahaemolyticus,V293
k__Bacteria..p__Proteobacteria..c__Gammaproteobacteria..o__Pasteurellales..f__Pasteurellaceae..g__Aggregatibacter,V294
k__Bacteria..p__Proteobacteria..c__Gammaproteobacteria..o__Pasteurellales..f__Pasteurellaceae..g__Aggregatibacter..s__,V295
k__Bacteria..p__Proteobacteria..c__Gammaproteobacteria..o__Pasteurellales..f__Pasteurellaceae..g__Aggregatibacter..s__segnis,V296
k__Bacteria..p__Proteobacteria..c__Gammaproteobacteria..o__Pasteurellales..f__Pasteurellaceae..g__Haemophilus..s__,V297
k__Bacteria..p__Proteobacteria..c__Gammaproteobacteria..o__Pasteurellales..f__Pasteurellaceae..g__Haemophilus..s__parainfluenzae,V298
k__Bacteria..p__Proteobacteria..c__Gammaproteobacteria..o__Pseudomonadales..f__Moraxellaceae,V299
k__Bacteria..p__Proteobacteria..c__Gammaproteobacteria..o__Pseudomonadales..f__Moraxellaceae..g__..s__,V300
k__Bacteria..p__Proteobacteria..c__Gammaproteobacteria..o__Pseudomonadales..f__Moraxellaceae..g__Acinetobacter,V301
k__Bacteria..p__Proteobacteria..c__Gammaproteobacteria..o__Pseudomonadales..f__Moraxellaceae..g__Acinetobacter..s__,V302
k__Bacteria..p__Proteobacteria..c__Gammaproteobacteria..o__Pseudomonadales..f__Moraxellaceae..g__Acinetobacter..s__johnsonii,V303
k__Bacteria..p__Proteobacteria..c__Gammaproteobacteria..o__Pseudomonadales..f__Moraxellaceae..g__Acinetobacter..s__lwoffii,V304
k__Bacteria..p__Proteobacteria..c__Gammaproteobacteria..o__Pseudomonadales..f__Moraxellaceae..g__Acinetobacter..s__rhizosphaerae,V305
k__Bacteria..p__Proteobacteria..c__Gammaproteobacteria..o__Pseudomonadales..f__Moraxellaceae..g__Acinetobacter..s__schindleri,V306
k__Bacteria..p__Proteobacteria..c__Gammaproteobacteria..o__Pseudomonadales..f__Moraxellaceae..g__Alkanindiges..s__,V307
k__Bacteria..p__Proteobacteria..c__Gammaproteobacteria..o__Pseudomonadales..f__Moraxellaceae..g__Enhydrobacter..s__,V308
k__Bacteria..p__Proteobacteria..c__Gammaproteobacteria..o__Pseudomonadales..f__Moraxellaceae..g__Moraxella,V309
k__Bacteria..p__Proteobacteria..c__Gammaproteobacteria..o__Pseudomonadales..f__Moraxellaceae..g__Moraxella..s__,V310
k__Bacteria..p__Proteobacteria..c__Gammaproteobacteria..o__Pseudomonadales..f__Moraxellaceae..g__Psychrobacter..s__sanguinis,V311
k__Bacteria..p__Proteobacteria..c__Gammaproteobacteria..o__Pseudomonadales..f__Pseudomonadaceae,V312
k__Bacteria..p__Proteobacteria..c__Gammaproteobacteria..o__Pseudomonadales..f__Pseudomonadaceae..g__..s__,V313
k__Bacteria..p__Proteobacteria..c__Gammaproteobacteria..o__Pseudomonadales..f__Pseudomonadaceae..g__Pseudomonas,V314
k__Bacteria..p__Proteobacteria..c__Gammaproteobacteria..o__Pseudomonadales..f__Pseudomonadaceae..g__Pseudomonas..s__,V315
k__Bacteria..p__Proteobacteria..c__Gammaproteobacteria..o__Pseudomonadales..f__Pseudomonadaceae..g__Pseudomonas..s__fragi,V316
k__Bacteria..p__Proteobacteria..c__Gammaproteobacteria..o__Pseudomonadales..f__Pseudomonadaceae..g__Pseudomonas..s__nitroreducens,V317
k__Bacteria..p__Proteobacteria..c__Gammaproteobacteria..o__Xanthomonadales..f__Xanthomonadaceae..g__..s__,V318
k__Bacteria..p__Proteobacteria..c__Gammaproteobacteria..o__Xanthomonadales..f__Xanthomonadaceae..g__Luteimonas..s__,V319
k__Bacteria..p__Proteobacteria..c__Gammaproteobacteria..o__Xanthomonadales..f__Xanthomonadaceae..g__Stenotrophomonas,V320
k__Bacteria..p__Spirochaetes..c__Spirochaetes..o__Spirochaetales..f__Spirochaetaceae..g__Treponema..s__,V321
k__Bacteria..p__Spirochaetes..c__Spirochaetes..o__Spirochaetales..f__Spirochaetaceae..g__Treponema..s__amylovorum,V322
k__Bacteria..p__SR1..c__..o__..f__..g__..s__,V323
k__Bacteria..p__Synergistetes..c__Synergistia..o__Synergistales..f__Dethiosulfovibrionaceae..g__TG5..s__,V324
k__Bacteria..p__TM7..c__TM7.3..o__..f__..g__..s__,V325
k__Bacteria..p__TM7..c__TM7.3..o__CW040..f__..g__..s__,V326
k__Bacteria..p__TM7..c__TM7.3..o__CW040..f__F16..g__..s__,V327
k__Bacteria..p__TM7..c__TM7.3..o__I025..f__Rs.045..g__..s__,V328
